target_rank,target_path,target_score,target_action,source_path,source_type,anchor,link_score
1,/industry-insights/ladbs-electrical-permit-process-step-by-step-guide/,112.673,"CTR fix, rewrite title and meta around proven queries",/industry-insights/kitchen-electrical-requirements-outlet-placement-guide/,blog,ladbs plan check process timeline,74.485
1,/industry-insights/ladbs-electrical-permit-process-step-by-step-guide/,112.673,"CTR fix, rewrite title and meta around proven queries",/industry-insights/passing-electrical-inspection-common-failures-fixes/,blog,ladbs plan check process timeline,71.542
1,/industry-insights/ladbs-electrical-permit-process-step-by-step-guide/,112.673,"CTR fix, rewrite title and meta around proven queries",/industry-insights/complete-guide-electrical-panel-upgrades-los-angeles/,blog,ladbs plan check process timeline,68.891
1,/industry-insights/ladbs-electrical-permit-process-step-by-step-guide/,112.673,"CTR fix, rewrite title and meta around proven queries",/industry-insights/retail-store-electrical-planning-design-guide/,blog,ladbs plan check process timeline,63.977
1,/industry-insights/ladbs-electrical-permit-process-step-by-step-guide/,112.673,"CTR fix, rewrite title and meta around proven queries",/industry-insights/california-title-24-electrical-requirements-renovations/,blog,ladbs plan check process timeline,63.02
2,/industry-insights/kitchen-electrical-requirements-outlet-placement-guide/,105.986,"CTR fix, rewrite title and meta around proven queries",/industry-insights/california-title-24-electrical-requirements-renovations/,blog,kitchen electrical installation,107.135
2,/industry-insights/kitchen-electrical-requirements-outlet-placement-guide/,105.986,"CTR fix, rewrite title and meta around proven queries",/industry-insights/subpanel-installation-guide-when-why-you-need-one/,blog,kitchen electrical installation,95.444
2,/industry-insights/kitchen-electrical-requirements-outlet-placement-guide/,105.986,"CTR fix, rewrite title and meta around proven queries",/industry-insights/passing-electrical-inspection-common-failures-fixes/,blog,kitchen electrical installation,95.389
2,/industry-insights/kitchen-electrical-requirements-outlet-placement-guide/,105.986,"CTR fix, rewrite title and meta around proven queries",/industry-insights/recessed-lighting-installation-guide/,blog,kitchen electrical installation,94.049
2,/industry-insights/kitchen-electrical-requirements-outlet-placement-guide/,105.986,"CTR fix, rewrite title and meta around proven queries",/industry-insights/bathroom-electrical-safety-gfci-requirements/,blog,kitchen electrical installation,89.861
3,/industry-insights/california-title-24-electrical-requirements-renovations/,50.839,"CTR fix, rewrite title and meta around proven queries",/industry-insights/kitchen-electrical-requirements-outlet-placement-guide/,blog,california residential electrical circuit requirements,135.428
3,/industry-insights/california-title-24-electrical-requirements-renovations/,50.839,"CTR fix, rewrite title and meta around proven queries",/industry-insights/ladbs-electrical-permit-process-step-by-step-guide/,blog,california residential electrical circuit requirements,132.486
3,/industry-insights/california-title-24-electrical-requirements-renovations/,50.839,"CTR fix, rewrite title and meta around proven queries",/industry-insights/passing-electrical-inspection-common-failures-fixes/,blog,california residential electrical circuit requirements,125.198
3,/industry-insights/california-title-24-electrical-requirements-renovations/,50.839,"CTR fix, rewrite title and meta around proven queries",/industry-insights/complete-guide-electrical-panel-upgrades-los-angeles/,blog,california residential electrical circuit requirements,106.468
3,/industry-insights/california-title-24-electrical-requirements-renovations/,50.839,"CTR fix, rewrite title and meta around proven queries",/industry-insights/recessed-lighting-installation-guide/,blog,california residential electrical circuit requirements,105.805
4,/industry-insights/passing-electrical-inspection-common-failures-fixes/,40.539,"CTR fix, rewrite title and meta around proven queries",/industry-insights/ladbs-electrical-permit-process-step-by-step-guide/,blog,electrical inspection failed code violations consequences process,119.237
4,/industry-insights/passing-electrical-inspection-common-failures-fixes/,40.539,"CTR fix, rewrite title and meta around proven queries",/industry-insights/kitchen-electrical-requirements-outlet-placement-guide/,blog,electrical inspection failed code violations consequences process,94.799
4,/industry-insights/passing-electrical-inspection-common-failures-fixes/,40.539,"CTR fix, rewrite title and meta around proven queries",/industry-insights/california-title-24-electrical-requirements-renovations/,blog,electrical inspection failed code violations consequences process,94.531
4,/industry-insights/passing-electrical-inspection-common-failures-fixes/,40.539,"CTR fix, rewrite title and meta around proven queries",/industry-insights/subpanel-installation-guide-when-why-you-need-one/,blog,electrical inspection failed code violations consequences process,89.83
4,/industry-insights/passing-electrical-inspection-common-failures-fixes/,40.539,"CTR fix, rewrite title and meta around proven queries",/industry-insights/recessed-lighting-installation-guide/,blog,electrical inspection failed code violations consequences process,76.414
5,/industry-insights/recessed-lighting-installation-guide/,29.197,"CTR fix, rewrite title and meta around proven queries",/industry-insights/kitchen-electrical-requirements-outlet-placement-guide/,blog,recessed lighting installation los angeles,101.571
5,/industry-insights/recessed-lighting-installation-guide/,29.197,"CTR fix, rewrite title and meta around proven queries",/industry-insights/bathroom-electrical-safety-gfci-requirements/,blog,recessed lighting installation los angeles,89.861
5,/industry-insights/recessed-lighting-installation-guide/,29.197,"CTR fix, rewrite title and meta around proven queries",/industry-insights/california-title-24-electrical-requirements-renovations/,blog,recessed lighting installation los angeles,81.926
5,/industry-insights/recessed-lighting-installation-guide/,29.197,"CTR fix, rewrite title and meta around proven queries",/industry-insights/passing-electrical-inspection-common-failures-fixes/,blog,recessed lighting installation los angeles,77.504
5,/industry-insights/recessed-lighting-installation-guide/,29.197,"CTR fix, rewrite title and meta around proven queries",/industry-insights/ladbs-electrical-permit-process-step-by-step-guide/,blog,recessed lighting installation los angeles,72.867
6,/industry-insights/subpanel-installation-guide-when-why-you-need-one/,28.826,"CTR fix, rewrite title and meta around proven queries",/industry-insights/ladbs-electrical-permit-process-step-by-step-guide/,blog,commercial electrical subpanel installation,86.116
6,/industry-insights/subpanel-installation-guide-when-why-you-need-one/,28.826,"CTR fix, rewrite title and meta around proven queries",/industry-insights/recessed-lighting-installation-guide/,blog,commercial electrical subpanel installation,82.293
6,/industry-insights/subpanel-installation-guide-when-why-you-need-one/,28.826,"CTR fix, rewrite title and meta around proven queries",/industry-insights/kitchen-electrical-requirements-outlet-placement-guide/,blog,commercial electrical subpanel installation,81.257
6,/industry-insights/subpanel-installation-guide-when-why-you-need-one/,28.826,"CTR fix, rewrite title and meta around proven queries",/industry-insights/passing-electrical-inspection-common-failures-fixes/,blog,commercial electrical subpanel installation,71.542
6,/industry-insights/subpanel-installation-guide-when-why-you-need-one/,28.826,"CTR fix, rewrite title and meta around proven queries",/industry-insights/electrical-safety-inspection-checklist-los-angeles/,blog,commercial electrical subpanel installation,69.267
7,/industry-insights/complete-guide-electrical-panel-upgrades-los-angeles/,27.098,"Ranking lift, add internal links and local proof",/industry-insights/kitchen-electrical-requirements-outlet-placement-guide/,blog,upgrade electrical panel,60.942
7,/industry-insights/complete-guide-electrical-panel-upgrades-los-angeles/,27.098,"Ranking lift, add internal links and local proof",/industry-insights/passing-electrical-inspection-common-failures-fixes/,blog,upgrade electrical panel,59.618
7,/industry-insights/complete-guide-electrical-panel-upgrades-los-angeles/,27.098,"Ranking lift, add internal links and local proof",/industry-insights/ladbs-electrical-permit-process-step-by-step-guide/,blog,upgrade electrical panel,52.994
7,/industry-insights/complete-guide-electrical-panel-upgrades-los-angeles/,27.098,"Ranking lift, add internal links and local proof",/industry-insights/the-rise-of-ev-charging-infrastructure-trends-challenges-and-solutions-for-the-future/,blog,upgrade electrical panel,50.972
7,/industry-insights/complete-guide-electrical-panel-upgrades-los-angeles/,27.098,"Ranking lift, add internal links and local proof",/industry-insights/subpanel-installation-guide-when-why-you-need-one/,blog,upgrade electrical panel,50.529
10,/industry-insights/panel-upgrades-the-essentials-of-zinsco-panel-upgrade-or-replacement/,18.652,"CTR fix, rewrite title and meta around proven queries",/industry-insights/complete-guide-electrical-panel-upgrades-los-angeles/,blog,zinsco panel replacement,75.154
10,/industry-insights/panel-upgrades-the-essentials-of-zinsco-panel-upgrade-or-replacement/,18.652,"CTR fix, rewrite title and meta around proven queries",/industry-insights/passing-electrical-inspection-common-failures-fixes/,blog,zinsco panel replacement,71.542
10,/industry-insights/panel-upgrades-the-essentials-of-zinsco-panel-upgrade-or-replacement/,18.652,"CTR fix, rewrite title and meta around proven queries",/industry-insights/afci-vs-gfci-circuit-protection-los-angeles/,blog,zinsco panel replacement,68.961
10,/industry-insights/panel-upgrades-the-essentials-of-zinsco-panel-upgrade-or-replacement/,18.652,"CTR fix, rewrite title and meta around proven queries",/industry-insights/kitchen-electrical-requirements-outlet-placement-guide/,blog,zinsco panel replacement,67.714
10,/industry-insights/panel-upgrades-the-essentials-of-zinsco-panel-upgrade-or-replacement/,18.652,"CTR fix, rewrite title and meta around proven queries",/industry-insights/ladbs-electrical-permit-process-step-by-step-guide/,blog,zinsco panel replacement,66.243
12,/industry-insights/retail-store-electrical-planning-design-guide/,17.704,"CTR fix, rewrite title and meta around proven queries",/industry-insights/subpanel-installation-guide-when-why-you-need-one/,blog,retail store electrical setup,39.301
12,/industry-insights/retail-store-electrical-planning-design-guide/,17.704,"CTR fix, rewrite title and meta around proven queries",/industry-insights/tesla-supercharger-business-program-us-dc-fast-charging-record-gas-stations-ev-chargers-california-leads-adoption/,blog,retail store electrical setup,35.443
12,/industry-insights/retail-store-electrical-planning-design-guide/,17.704,"CTR fix, rewrite title and meta around proven queries",/industry-insights/ev-charging-infrastructure-update-record-u-s-expansion-pennsylvania-nevi-leadership-global-growth-and-innovative-streetlight-solutions/,blog,retail store electrical setup,30.562
12,/industry-insights/retail-store-electrical-planning-design-guide/,17.704,"CTR fix, rewrite title and meta around proven queries",/industry-insights/the-essential-guide-to-ev-charging-infrastructure-benefits-strategies-and-future-trends/,blog,retail store electrical setup,30.226
12,/industry-insights/retail-store-electrical-planning-design-guide/,17.704,"CTR fix, rewrite title and meta around proven queries",/industry-insights/passing-electrical-inspection-common-failures-fixes/,blog,retail store electrical setup,29.809
13,/service-areas/long-beach/commercial-backup-generator-installation/,17.552,"CTR fix, rewrite title and meta around proven queries",/industry-insights/tesla-supercharger-business-program-us-dc-fast-charging-record-gas-stations-ev-chargers-california-leads-adoption/,blog,backup generator sales long beach ca,35.443
13,/service-areas/long-beach/commercial-backup-generator-installation/,17.552,"CTR fix, rewrite title and meta around proven queries",/industry-insights/retail-store-electrical-planning-design-guide/,blog,backup generator sales long beach ca,34.449
13,/service-areas/long-beach/commercial-backup-generator-installation/,17.552,"CTR fix, rewrite title and meta around proven queries",/industry-insights/kitchen-electrical-requirements-outlet-placement-guide/,blog,backup generator sales long beach ca,33.857
13,/service-areas/long-beach/commercial-backup-generator-installation/,17.552,"CTR fix, rewrite title and meta around proven queries",/industry-insights/office-electrical-upgrades-modern-workplaces/,blog,backup generator sales long beach ca,31.658
13,/service-areas/long-beach/commercial-backup-generator-installation/,17.552,"CTR fix, rewrite title and meta around proven queries",/industry-insights/understanding-your-los-angeles-electrical-bill/,blog,backup generator sales long beach ca,30.319
14,/industry-insights/federal-pacific-zinsco-panels-replacement-los-angeles/,17.481,"CTR fix, rewrite title and meta around proven queries",/industry-insights/complete-guide-electrical-panel-upgrades-los-angeles/,blog,zinsco panel replacement cost,87.68
14,/industry-insights/federal-pacific-zinsco-panels-replacement-los-angeles/,17.481,"CTR fix, rewrite title and meta around proven queries",/industry-insights/dedicated-circuits-when-why-home-appliances-need-them/,blog,zinsco panel replacement cost,74.698
14,/industry-insights/federal-pacific-zinsco-panels-replacement-los-angeles/,17.481,"CTR fix, rewrite title and meta around proven queries",/industry-insights/kitchen-electrical-requirements-outlet-placement-guide/,blog,zinsco panel replacement cost,74.485
14,/industry-insights/federal-pacific-zinsco-panels-replacement-los-angeles/,17.481,"CTR fix, rewrite title and meta around proven queries",/industry-insights/afci-vs-gfci-circuit-protection-los-angeles/,blog,zinsco panel replacement cost,74.266
14,/industry-insights/federal-pacific-zinsco-panels-replacement-los-angeles/,17.481,"CTR fix, rewrite title and meta around proven queries",/industry-insights/electrical-safety-inspection-checklist-los-angeles/,blog,zinsco panel replacement cost,74.214
15,/industry-insights/ultimate-guide-home-ev-charger-installation-los-angeles/,15.862,"CTR fix, rewrite title and meta around proven queries",/industry-insights/kitchen-electrical-requirements-outlet-placement-guide/,blog,ev charger requirement new home los angeles,74.485
15,/industry-insights/ultimate-guide-home-ev-charger-installation-los-angeles/,15.862,"CTR fix, rewrite title and meta around proven queries",/industry-insights/passing-electrical-inspection-common-failures-fixes/,blog,ev charger requirement new home los angeles,71.542
15,/industry-insights/ultimate-guide-home-ev-charger-installation-los-angeles/,15.862,"CTR fix, rewrite title and meta around proven queries",/industry-insights/california-title-24-electrical-requirements-renovations/,blog,ev charger requirement new home los angeles,69.322
15,/industry-insights/ultimate-guide-home-ev-charger-installation-los-angeles/,15.862,"CTR fix, rewrite title and meta around proven queries",/industry-insights/complete-guide-electrical-panel-upgrades-los-angeles/,blog,ev charger requirement new home los angeles,68.891
15,/industry-insights/ultimate-guide-home-ev-charger-installation-los-angeles/,15.862,"CTR fix, rewrite title and meta around proven queries",/industry-insights/ladbs-electrical-permit-process-step-by-step-guide/,blog,ev charger requirement new home los angeles,66.243
16,/industry-insights/electrical-load-studies-what-they-are-los-angeles/,14.354,"CTR fix, rewrite title and meta around proven queries",/industry-insights/bathroom-electrical-safety-gfci-requirements/,blog,electrical load study,134.791
16,/industry-insights/electrical-load-studies-what-they-are-los-angeles/,14.354,"CTR fix, rewrite title and meta around proven queries",/industry-insights/complete-guide-electrical-panel-upgrades-los-angeles/,blog,electrical load study,131.519
16,/industry-insights/electrical-load-studies-what-they-are-los-angeles/,14.354,"CTR fix, rewrite title and meta around proven queries",/industry-insights/california-title-24-electrical-requirements-renovations/,blog,electrical load study,126.041
16,/industry-insights/electrical-load-studies-what-they-are-los-angeles/,14.354,"CTR fix, rewrite title and meta around proven queries",/industry-insights/ladbs-electrical-permit-process-step-by-step-guide/,blog,electrical load study,125.861
16,/industry-insights/electrical-load-studies-what-they-are-los-angeles/,14.354,"CTR fix, rewrite title and meta around proven queries",/industry-insights/nec-2026-qualified-installer-requirement-charging-reliability-86-percent-commercial-roi-3-5-year-payback/,blog,electrical load study,125.018
17,/,14.221,Monitor after higher value pages,/industry-insights/nec-2026-qualified-installer-requirement-charging-reliability-86-percent-commercial-roi-3-5-year-payback/,blog,ev charging station contractors los angeles,29.766
17,/,14.221,Monitor after higher value pages,/industry-insights/tesla-worlds-largest-supercharger-los-angeles-curbside-charging-expansion-volkswagen-network-access-dynamic-pricing-long-beach-ev-infrastructure/,blog,ev charging station contractors los angeles,28.277
17,/,14.221,Monitor after higher value pages,/industry-insights/ladbs-electrical-permit-process-step-by-step-guide/,blog,ev charging station contractors los angeles,26.497
17,/,14.221,Monitor after higher value pages,/industry-insights/california-2026-building-code-ev-charging-requirements-home-real-estate-trend-32-new-models/,blog,ev charging station contractors los angeles,26.382
17,/,14.221,Monitor after higher value pages,/industry-insights/complete-guide-electrical-panel-upgrades-los-angeles/,blog,ev charging station contractors los angeles,25.051
18,/industry-insights/electric-vehicles-mitsubishi-chargers/,13.938,"CTR fix, rewrite title and meta around proven queries",/industry-insights/complete-guide-electrical-panel-upgrades-los-angeles/,blog,mitsubishi charger installation,75.154
18,/industry-insights/electric-vehicles-mitsubishi-chargers/,13.938,"CTR fix, rewrite title and meta around proven queries",/industry-insights/tesla-supercharger-business-program-us-dc-fast-charging-record-gas-stations-ev-chargers-california-leads-adoption/,blog,mitsubishi charger installation,70.886
18,/industry-insights/electric-vehicles-mitsubishi-chargers/,13.938,"CTR fix, rewrite title and meta around proven queries",/industry-insights/tesla-worlds-largest-supercharger-los-angeles-curbside-charging-expansion-volkswagen-network-access-dynamic-pricing-long-beach-ev-infrastructure/,blog,mitsubishi charger installation,67.866
18,/industry-insights/electric-vehicles-mitsubishi-chargers/,13.938,"CTR fix, rewrite title and meta around proven queries",/industry-insights/subpanel-installation-guide-when-why-you-need-one/,blog,mitsubishi charger installation,67.373
18,/industry-insights/electric-vehicles-mitsubishi-chargers/,13.938,"CTR fix, rewrite title and meta around proven queries",/industry-insights/california-2026-building-code-ev-charging-requirements-home-real-estate-trend-32-new-models/,blog,mitsubishi charger installation,65.954
19,/electrical-load-studies/,13.661,"Ranking lift, add internal links and local proof",/industry-insights/nec-2026-qualified-installer-requirement-charging-reliability-86-percent-commercial-roi-3-5-year-payback/,blog,electrical load compliance consultant,83.346
19,/electrical-load-studies/,13.661,"Ranking lift, add internal links and local proof",/industry-insights/ladbs-electrical-permit-process-step-by-step-guide/,blog,electrical load compliance consultant,79.491
19,/electrical-load-studies/,13.661,"Ranking lift, add internal links and local proof",/industry-insights/subpanel-installation-guide-when-why-you-need-one/,blog,electrical load compliance consultant,72.987
19,/electrical-load-studies/,13.661,"Ranking lift, add internal links and local proof",/industry-insights/california-2026-building-code-ev-charging-requirements-home-real-estate-trend-32-new-models/,blog,electrical load compliance consultant,72.55
19,/electrical-load-studies/,13.661,"Ranking lift, add internal links and local proof",/industry-insights/kitchen-electrical-requirements-outlet-placement-guide/,blog,electrical load compliance consultant,67.714
20,/industry-insights/ceiling-fan-installation-benefits-aesthetics/,13.261,"CTR fix, rewrite title and meta around proven queries",/industry-insights/recessed-lighting-installation-guide/,blog,ceiling fan installation los angeles,64.658
20,/industry-insights/ceiling-fan-installation-benefits-aesthetics/,13.261,"CTR fix, rewrite title and meta around proven queries",/industry-insights/passing-electrical-inspection-common-failures-fixes/,blog,ceiling fan installation los angeles,53.656
20,/industry-insights/ceiling-fan-installation-benefits-aesthetics/,13.261,"CTR fix, rewrite title and meta around proven queries",/industry-insights/retail-store-electrical-planning-design-guide/,blog,ceiling fan installation los angeles,49.213
20,/industry-insights/ceiling-fan-installation-benefits-aesthetics/,13.261,"CTR fix, rewrite title and meta around proven queries",/industry-insights/kitchen-electrical-requirements-outlet-placement-guide/,blog,ceiling fan installation los angeles,47.4
20,/industry-insights/ceiling-fan-installation-benefits-aesthetics/,13.261,"CTR fix, rewrite title and meta around proven queries",/industry-insights/california-2026-building-code-ev-charging-requirements-home-real-estate-trend-32-new-models/,blog,ceiling fan installation los angeles,46.168
21,/industry-insights/commercial-electrician-ev-charging-safety/,12.818,"Ranking lift, add internal links and local proof",/industry-insights/kitchen-electrical-requirements-outlet-placement-guide/,blog,ev charger electrical safety standards,121.885
21,/industry-insights/commercial-electrician-ev-charging-safety/,12.818,"Ranking lift, add internal links and local proof",/industry-insights/california-2026-building-code-ev-charging-requirements-home-real-estate-trend-32-new-models/,blog,ev charger electrical safety standards,118.718
21,/industry-insights/commercial-electrician-ev-charging-safety/,12.818,"Ranking lift, add internal links and local proof",/industry-insights/nec-2026-qualified-installer-requirement-charging-reliability-86-percent-commercial-roi-3-5-year-payback/,blog,ev charger electrical safety standards,113.112
21,/industry-insights/commercial-electrician-ev-charging-safety/,12.818,"Ranking lift, add internal links and local proof",/industry-insights/subpanel-installation-guide-when-why-you-need-one/,blog,ev charger electrical safety standards,112.288
21,/industry-insights/commercial-electrician-ev-charging-safety/,12.818,"Ranking lift, add internal links and local proof",/industry-insights/the-ultimate-guide-to-ev-charger-installation-and-infrastructure-in-los-angeles/,blog,ev charger electrical safety standards,109.999
22,/service-areas/glendale/commercial-exhaust-fan-ventilation-wiring/,12.813,"Ranking lift, add internal links and local proof",/industry-insights/passing-electrical-inspection-common-failures-fixes/,blog,install garage ventilation fan glendale,53.656
22,/service-areas/glendale/commercial-exhaust-fan-ventilation-wiring/,12.813,"Ranking lift, add internal links and local proof",/industry-insights/bathroom-electrical-safety-gfci-requirements/,blog,install garage ventilation fan glendale,50.547
22,/service-areas/glendale/commercial-exhaust-fan-ventilation-wiring/,12.813,"Ranking lift, add internal links and local proof",/industry-insights/subpanel-installation-guide-when-why-you-need-one/,blog,install garage ventilation fan glendale,44.915
22,/service-areas/glendale/commercial-exhaust-fan-ventilation-wiring/,12.813,"Ranking lift, add internal links and local proof",/industry-insights/kitchen-electrical-requirements-outlet-placement-guide/,blog,install garage ventilation fan glendale,40.628
22,/service-areas/glendale/commercial-exhaust-fan-ventilation-wiring/,12.813,"Ranking lift, add internal links and local proof",/industry-insights/retail-store-electrical-planning-design-guide/,blog,install garage ventilation fan glendale,39.37
23,/service-areas/santa-monica/residential-data-network-av-wiring/,12.675,"CTR fix, rewrite title and meta around proven queries",/industry-insights/understanding-your-los-angeles-electrical-bill/,blog,structured wiring installation in santa monica ca,60.638
23,/service-areas/santa-monica/residential-data-network-av-wiring/,12.675,"CTR fix, rewrite title and meta around proven queries",/industry-insights/bathroom-electrical-safety-gfci-requirements/,blog,structured wiring installation in santa monica ca,50.547
23,/service-areas/santa-monica/residential-data-network-av-wiring/,12.675,"CTR fix, rewrite title and meta around proven queries",/industry-insights/subpanel-installation-guide-when-why-you-need-one/,blog,structured wiring installation in santa monica ca,50.529
23,/service-areas/santa-monica/residential-data-network-av-wiring/,12.675,"CTR fix, rewrite title and meta around proven queries",/industry-insights/passing-electrical-inspection-common-failures-fixes/,blog,structured wiring installation in santa monica ca,47.695
23,/service-areas/santa-monica/residential-data-network-av-wiring/,12.675,"CTR fix, rewrite title and meta around proven queries",/industry-insights/nec-2026-qualified-installer-requirement-charging-reliability-86-percent-commercial-roi-3-5-year-payback/,blog,structured wiring installation in santa monica ca,47.626
24,/industry-insights/complete-home-led-lighting-upgrade-guide/,12.063,"CTR fix, rewrite title and meta around proven queries",/industry-insights/understanding-your-los-angeles-electrical-bill/,blog,lutron caseta energy savings payback period,72.766
24,/industry-insights/complete-home-led-lighting-upgrade-guide/,12.063,"CTR fix, rewrite title and meta around proven queries",/industry-insights/california-title-24-electrical-requirements-renovations/,blog,lutron caseta energy savings payback period,63.02
24,/industry-insights/complete-home-led-lighting-upgrade-guide/,12.063,"CTR fix, rewrite title and meta around proven queries",/industry-insights/kitchen-electrical-requirements-outlet-placement-guide/,blog,lutron caseta energy savings payback period,60.942
24,/industry-insights/complete-home-led-lighting-upgrade-guide/,12.063,"CTR fix, rewrite title and meta around proven queries",/industry-insights/california-2026-building-code-ev-charging-requirements-home-real-estate-trend-32-new-models/,blog,lutron caseta energy savings payback period,59.359
24,/industry-insights/complete-home-led-lighting-upgrade-guide/,12.063,"CTR fix, rewrite title and meta around proven queries",/industry-insights/office-electrical-upgrades-modern-workplaces/,blog,lutron caseta energy savings payback period,58.793
25,/service-areas/long-beach/residential-ev-charger-installation/,12.006,"CTR fix, rewrite title and meta around proven queries",/industry-insights/tesla-supercharger-business-program-us-dc-fast-charging-record-gas-stations-ev-chargers-california-leads-adoption/,blog,electric car charger installation long beach,64.979
25,/service-areas/long-beach/residential-ev-charger-installation/,12.006,"CTR fix, rewrite title and meta around proven queries",/industry-insights/nec-2026-qualified-installer-requirement-charging-reliability-86-percent-commercial-roi-3-5-year-payback/,blog,electric car charger installation long beach,59.533
25,/service-areas/long-beach/residential-ev-charger-installation/,12.006,"CTR fix, rewrite title and meta around proven queries",/industry-insights/california-2026-building-code-ev-charging-requirements-home-real-estate-trend-32-new-models/,blog,electric car charger installation long beach,59.359
25,/service-areas/long-beach/residential-ev-charger-installation/,12.006,"CTR fix, rewrite title and meta around proven queries",/industry-insights/tesla-worlds-largest-supercharger-los-angeles-curbside-charging-expansion-volkswagen-network-access-dynamic-pricing-long-beach-ev-infrastructure/,blog,electric car charger installation long beach,56.555
25,/service-areas/long-beach/residential-ev-charger-installation/,12.006,"CTR fix, rewrite title and meta around proven queries",/industry-insights/complete-guide-electrical-panel-upgrades-los-angeles/,blog,electric car charger installation long beach,56.365
26,/service-areas/santa-monica/residential-ev-charger-installation/,11.92,"CTR fix, rewrite title and meta around proven queries",/industry-insights/understanding-your-los-angeles-electrical-bill/,blog,ev charger installation santa monica,48.511
26,/service-areas/santa-monica/residential-ev-charger-installation/,11.92,"CTR fix, rewrite title and meta around proven queries",/industry-insights/nec-2026-qualified-installer-requirement-charging-reliability-86-percent-commercial-roi-3-5-year-payback/,blog,ev charger installation santa monica,47.626
26,/service-areas/santa-monica/residential-ev-charger-installation/,11.92,"CTR fix, rewrite title and meta around proven queries",/industry-insights/subpanel-installation-guide-when-why-you-need-one/,blog,ev charger installation santa monica,44.915
26,/service-areas/santa-monica/residential-ev-charger-installation/,11.92,"CTR fix, rewrite title and meta around proven queries",/industry-insights/complete-guide-electrical-panel-upgrades-los-angeles/,blog,ev charger installation santa monica,37.577
26,/service-areas/santa-monica/residential-ev-charger-installation/,11.92,"CTR fix, rewrite title and meta around proven queries",/industry-insights/exploring-the-rapid-growth-and-key-trends-in-ev-charging-infrastructure-in-2023/,blog,ev charger installation santa monica,37.575
27,/service-areas/glendale/residential-electrical-panel-upgrades/,11.772,"Ranking lift, add internal links and local proof",/industry-insights/bathroom-electrical-safety-gfci-requirements/,blog,electrical panel upgrades hillside,78.628
27,/service-areas/glendale/residential-electrical-panel-upgrades/,11.772,"Ranking lift, add internal links and local proof",/industry-insights/kitchen-electrical-requirements-outlet-placement-guide/,blog,electrical panel upgrades hillside,74.485
27,/service-areas/glendale/residential-electrical-panel-upgrades/,11.772,"Ranking lift, add internal links and local proof",/industry-insights/subpanel-installation-guide-when-why-you-need-one/,blog,electrical panel upgrades hillside,72.987
27,/service-areas/glendale/residential-electrical-panel-upgrades/,11.772,"Ranking lift, add internal links and local proof",/industry-insights/ladbs-electrical-permit-process-step-by-step-guide/,blog,electrical panel upgrades hillside,72.867
27,/service-areas/glendale/residential-electrical-panel-upgrades/,11.772,"Ranking lift, add internal links and local proof",/industry-insights/passing-electrical-inspection-common-failures-fixes/,blog,electrical panel upgrades hillside,71.542
28,/service-areas/torrance/,11.685,Monitor after higher value pages,/industry-insights/kitchen-electrical-requirements-outlet-placement-guide/,blog,torrance ca electrical safety,88.028
28,/service-areas/torrance/,11.685,Monitor after higher value pages,/industry-insights/ladbs-electrical-permit-process-step-by-step-guide/,blog,torrance ca electrical safety,86.116
28,/service-areas/torrance/,11.685,Monitor after higher value pages,/industry-insights/california-title-24-electrical-requirements-renovations/,blog,torrance ca electrical safety,81.926
28,/service-areas/torrance/,11.685,Monitor after higher value pages,/industry-insights/passing-electrical-inspection-common-failures-fixes/,blog,torrance ca electrical safety,77.504
28,/service-areas/torrance/,11.685,Monitor after higher value pages,/industry-insights/afci-vs-gfci-circuit-protection-los-angeles/,blog,torrance ca electrical safety,74.266
